{
    "interior_poly": [
        [
            197,
            557
        ],
        [
            506,
            554
        ],
        [
            656,
            371
        ],
        [
            643,
            133
        ],
        [
            184,
            140
        ],
        [
            404,
            332
        ]
    ],
    "exterior_poly": [
        [
            203,
            645
        ],
        [
            515,
            639
        ],
        [
            579,
            594
        ],
        [
            733,
            392
        ],
        [
            729,
            334
        ],
        [
            714,
            131
        ],
        [
            712,
            87
        ],
        [
            636,
            61
        ],
        [
            176,
            71
        ],
        [
            120,
            94
        ],
        [
            115,
            143
        ],
        [
            123,
            185
        ],
        [
            290,
            332
        ],
        [
            134,
            514
        ],
        [
            113,
            561
        ],
        [
            154,
            614
        ]
    ],
    "checkpoints": [
        [
            [
                365.34126473260017,
                555.3656187890039
            ],
            [
                359.57105113587704,
                641.989018247387
            ]
        ],
        [
            [
                462.0,
                554.4271844660194
            ],
            [
                463.67574313809695,
                639.987004939652
            ]
        ],
        [
            [
                506.92280557576197,
                552.8741771975704
            ],
            [
                546.0196263579969,
                617.1893252170333
            ]
        ],
        [
            [
                556.2402941875528,
                492.7068410911857
            ],
            [
                618.1339933277761,
                542.6683983622677
            ]
        ],
        [
            [
                617.5387730847162,
                417.92269683664614
            ],
            [
                676.5896361541081,
                465.9928149147413
            ]
        ],
        [
            [
                655.9612346171835,
                370.2902952992063
            ],
            [
                722.4730124036918,
                405.80812658736534
            ]
        ],
        [
            [
                651.3131578062641,
                285.1947352223742
            ],
            [
                725.012892688741,
                280.0411477209607
            ]
        ],
        [
            [
                646.374041681347,
                194.77091693542985
            ],
            [
                718.3402867132613,
                189.73854685280256
            ]
        ],
        [
            [
                643.018904775204,
                133.34610280758056
            ],
            [
                713.3856790319674,
                117.48493870328173
            ]
        ],
        [
            [
                599.0,
                133.67102396514161
            ],
            [
                597.8416616315926,
                61.82952909496538
            ]
        ],
        [
            [
                495.0,
                135.25708061002177
            ],
            [
                493.95544732593515,
                64.08792505813184
            ]
        ],
        [
            [
                390.9260360667134,
                136.84426524516994
            ],
            [
                387.0017201749678,
                66.41300608315288
            ]
        ],
        [
            [
                269.3851932101142,
                138.69782929744923
            ],
            [
                281.7324273650237,
                68.70146897032558
            ]
        ],
        [
            [
                195.32188202207314,
                139.827335132561
            ],
            [
                203.0017201749678,
                70.41300608315288
            ]
        ],
        [
            [
                184.36114271554982,
                140.31517909720708
            ],
            [
                116.55105238305345,
                127.7996866460762
            ]
        ],
        [
            [
                200.75240551551215,
                154.62028117717423
            ],
            [
                151.1151360295051,
                209.74805387028292
            ]
        ],
        [
            [
                259.83951413862854,
                206.18721233916676
            ],
            [
                209.97928633164202,
                261.56260533384057
            ]
        ],
        [
            [
                322.8486814120811,
                261.1770310505435
            ],
            [
                272.75069585270205,
                316.8164807805221
            ]
        ],
        [
            [
                366.54796002365117,
                372.708739104727
            ],
            [
                289.4955289954973,
                332.5885495052532
            ]
        ],
        [
            [
                296.3912560483426,
                448.9660260344102
            ],
            [
                235.40999627391147,
                395.68833768043663
            ]
        ],
        [
            [
                237.6593800402855,
                512.8050216953419
            ],
            [
                178.83696452321834,
                461.6902080562453
            ]
        ],
        [
            [
                197.88126393617097,
                556.9914440394547
            ],
            [
                132.64928302255424,
                586.4002926876921
            ]
        ],
        [
            [
                235.10695751181734,
                556.6300295387202
            ],
            [
                246.10122217275995,
                644.1711303428316
            ]
        ],
        [
            [
                355.1172923052518,
                555.4648806572305
            ],
            [
                351.1703457383282,
                642.1505702742629
            ]
        ]
    ],
    "direction": -1.5360277349388143
}