{
    "interior_poly": [
        [
            224,
            478
        ],
        [
            321,
            581
        ],
        [
            534,
            589
        ],
        [
            608,
            489
        ],
        [
            547,
            325
        ],
        [
            331,
            288
        ]
    ],
    "exterior_poly": [
        [
            298,
            702
        ],
        [
            545,
            703
        ],
        [
            712,
            539
        ],
        [
            723,
            358
        ],
        [
            612,
            229
        ],
        [
            427,
            194
        ],
        [
            255,
            191
        ],
        [
            137,
            374
        ],
        [
            159,
            597
        ]
    ],
    "checkpoints": [
        [
            [
                563.9463148424176,
                548.532006969706
            ],
            [
                636.6543076015216,
                612.9921769661703
            ]
        ],
        [
            [
                607.749782933848,
                488.3272852647717
            ],
            [
                715.8260799579824,
                476.0435934186522
            ]
        ],
        [
            [
                564.6398527456573,
                372.4251778735704
            ],
            [
                679.0900199948206,
                306.96948269668343
            ]
        ],
        [
            [
                502.0697134146222,
                317.3036083163936
            ],
            [
                520.6861744360765,
                211.72441137979825
            ]
        ],
        [
            [
                331.0949979500269,
                288.01627279699534
            ],
            [
                337.0,
                192.43023255813952
            ]
        ],
        [
            [
                304.16396279447895,
                335.65277634625227
            ],
            [
                201.62660533977606,
                273.7739934137371
            ]
        ],
        [
            [
                231.02270794594818,
                465.5297709371013
            ],
            [
                144.3017592670254,
                448.01328711575746
            ]
        ],
        [
            [
                291.3325032109704,
                549.4974003168036
            ],
            [
                210.64519322433495,
                636.012556032771
            ]
        ],
        [
            [
                440.0438731295121,
                585.471131385146
            ],
            [
                438.0,
                702.5668016194332
            ]
        ]
    ]
}